id,title,file,width,height,capture_date,source_page,image_url,credit,license,license_url,shots,notes,sha256
L01,Marktplatz Dornbirn 1975 01.jpg,01_Austria/L01_Marktplatz_Dornbirn_1975_01_jpg.jpg,2910,1654,1975-02,https://commons.wikimedia.org/wiki/File:Marktplatz_Dornbirn_1975_01.jpg,https://upload.wikimedia.org/wikipedia/commons/4/45/Marktplatz_Dornbirn_1975_01.jpg?utm_source=commons.wikimedia.org&utm_campaign=imageinfo&utm_content=original,Vorarlberger Landesarchiv / Helmut Klapper,CC BY 4.0,https://creativecommons.org/licenses/by/4.0,S01,"Source identifies 1975 Dornbirn; period street reference, not Eva’s house.",bc6179df413a5168dfe07a47254d3692c95f33fc06b48091df4f9cfe792988b1
L02,Marktplatz Dornbirn.JPG,01_Austria/L02_Marktplatz_Dornbirn_JPG.jpg,4065,2542,2010-01-03,https://commons.wikimedia.org/wiki/File:Marktplatz_Dornbirn.JPG,https://upload.wikimedia.org/wikipedia/commons/6/67/Marktplatz_Dornbirn.JPG?utm_source=commons.wikimedia.org&utm_campaign=imageinfo&utm_content=original,böhringer friedrich,CC BY-SA 2.5,https://creativecommons.org/licenses/by-sa/2.5,S01,Location / atmosphere reference. Capture date does not establish film-era appearance. Not proof Eva visited this exact spot.,ff21b0c862bad76e5a5febf9c4627d106b55bd2ef0361d169c909681b4998dfd
L03,20180625 19 Bregenz - Bodensee (29177022348).jpg,01_Austria/L03_20180625_19_Bregenz_Bodensee_29177022348_jpg.jpg,4032,3024,2018-06-25 19:46,https://commons.wikimedia.org/wiki/File:20180625_19_Bregenz_-_Bodensee_(29177022348).jpg,https://upload.wikimedia.org/wikipedia/commons/4/4c/20180625_19_Bregenz_-_Bodensee_%2829177022348%29.jpg?utm_source=commons.wikimedia.org&utm_campaign=imageinfo&utm_content=original,"Sjaak Kempe from Groningen, The Netherlands",CC BY 2.0,https://creativecommons.org/licenses/by/2.0,"S01, S18",Location / atmosphere reference. Capture date does not establish film-era appearance. Not proof Eva visited this exact spot.,01b031fcd9cb6241fdb0346dc40526c57ac16df06429a325e796f865613ee295
L04,Sala Carlos Piantini.JPG,02_Santo_Domingo/L04_Sala_Carlos_Piantini_JPG.jpg,4008,2665,2008-08-16,https://commons.wikimedia.org/wiki/File:Sala_Carlos_Piantini.JPG,https://upload.wikimedia.org/wikipedia/commons/5/57/Sala_Carlos_Piantini.JPG?utm_source=commons.wikimedia.org&utm_campaign=imageinfo&utm_content=original,Felix714,CC BY-SA 4.0,https://creativecommons.org/licenses/by-sa/4.0,"S02, S03","Present-day auditorium layout reference; do not assume the seats, lights or fittings match 1977.",800ddc1c836a82e27d06dcda83b16a83c72d9dad4f5e018f4fd77eba16a994e7
L05,Ponte Vecchio at dusk 1.JPG,03_Florence/L05_Ponte_Vecchio_at_dusk_1_JPG.jpg,4948,3786,2013-06-24 21:30:20,https://commons.wikimedia.org/wiki/File:Ponte_Vecchio_at_dusk_1.JPG,https://upload.wikimedia.org/wikipedia/commons/2/22/Ponte_Vecchio_at_dusk_1.JPG?utm_source=commons.wikimedia.org&utm_campaign=imageinfo&utm_content=original,Martin Falbisoner,CC BY-SA 3.0,https://creativecommons.org/licenses/by-sa/3.0,"S04, S17",Location / atmosphere reference. Capture date does not establish film-era appearance. Not proof Eva visited this exact spot.,2ff9258acfe3de5786e5ea72977d6d9bf7ea4e3bc83469142521bdce8f3e7cfb
L07,Boboli Gardens,03_Florence/L07_Boboli_Gardens.jpg,2000,1332,Not stated,https://www.visittuscany.com/en/attractions/boboli-gardens/,https://www.visittuscany.com/shared/visittuscany/immagini/giardino-boboli-firenze.JPG,Not stated,Copyright retained by source; no reuse licence acquired,Not stated,"S04, S18","Public Boboli Gardens: garden/architecture inspiration, not Cavalli family home.",2619968804a84ec93776e8f3e061f8e9231bbd123ed5ca2043325d5267895d5c
L08,Capriccioli beach,05_Sardinia/L08_Capriccioli_beach.jpg,6928,4626,Not stated,https://sardegnaturismo.it/en/explore/capriccioli,https://www.sardegnaturismo.it/sites/default/files/attrattori/shutterstock_339256544_c.smeralda_capriccioli_john_walker.jpg,John Walker / Shutterstock via SardegnaTurismo,Copyright retained by source; no reuse licence acquired,Not stated,"S07, S08, S18",Location / atmosphere reference. Capture date does not establish film-era appearance. Not proof Eva visited this exact spot.,5266841045a9f3a1ff31e45e670240a87e1f780fcb5b0cbc519ac03538ece200
L10,Tenuta degli Dei vineyard context with Roberto and Tommaso,04_Tuscany/L10_Tenuta_degli_Dei_vineyard_context_with_Roberto_and_Tommaso.jpg,1200,809,Not stated,https://deglidei.it/tenuta/,https://deglidei.it/wp-content/uploads/2022/07/TCRC_B.jpg,Tenuta degli Dei; photographer not stated,Copyright retained by source; no reuse licence acquired,Not stated,"S05, S08, S18",Estate context image with people retained; do not use the men as anonymous characters or identity references for Eva.,54b3dab26f0e7271495de098e3f8e4eb6337d5420a4c0c41c465ae5b547b5900
L11,Tenuta degli Dei wine cellar with Tommaso,04_Tuscany/L11_Tenuta_degli_Dei_wine_cellar_with_Tommaso.jpg,1200,799,Not stated,https://deglidei.it/tenuta/,https://deglidei.it/wp-content/uploads/2026/06/tommaso3.jpg,Tenuta degli Dei; photographer not stated,Copyright retained by source; no reuse licence acquired,Not stated,S09,Estate context image with people retained; do not use the men as anonymous characters or identity references for Eva.,5575547e8c16ef60ffd930d23c883a4863b7032ba752df4d9d7351f727af9abc
