id,file,subjects,date_or_era,date_basis,width,height,megapixels,bytes,source_page,image_url,credit,quality,watermark_check,rights,notes,downloaded,sha256
001,01_Eva_Duringer_Cavalli/Undated/001_undated_Eva_event_portrait_2816x3862.jpg,Eva Cavalli,Undated,Undated; no year inferred from appearance,2816,3862,10.88,698486,https://www.vanityfair.it/article/eva-cavalli-malore-trattamento-turchia-roberto-cavalli,https://media-assets.vanityfair.it/photos/69aaa6f98c0706b9369936a1/master/pass/GettyImages-2231128190.jpg,Getty Images,High resolution,No visible watermark in visual review,Copyright retained by source/photographer; no reuse licence acquired,Getty asset 2231128190; photo date not verified. Article publication date is not treated as capture date.,2026-10-06,ad4c233e07937512a608907dae9fa543bf248aebb264aeee009617c3ab9eb412
002,01_Eva_Duringer_Cavalli/2010s/002_2014_Eva_Roberto_SS2015_finale_1366x2048.jpg,Eva Cavalli; Roberto Cavalli,2014,SS2015 collection shown in 2014; exact day unverified,1366,2048,2.8,177932,https://www.vogue.com/article/italian-fashion-designer-roberto-cavalli-has-died-at-83,https://assets.vogue.com/photos/6619b26a3e6ec64b59ffba6e/master/pass/LUX_0922.jpg,Fabio Iona / Indigitalimages.com,High resolution,No visible watermark in visual review,Copyright retained by source/photographer; no reuse licence acquired,Runway finale with Eva and Roberto.,2026-10-06,1fff8fa1b8e865b8f06165b848ccbc3f7c5998a9455a958a2611873deb6b34ba
003,01_Eva_Duringer_Cavalli/2010s/003_2014-05_Eva_Sharon_Stone_Cannes_yacht_1803x1200.jpg,Eva Cavalli; Sharon Stone,2014-05,Source publication/issue year; not verified capture date,1803,1200,2.16,287776,https://www.vogue.com/slideshow/cavalli-cannes-parties-photos,https://assets.vogue.com/photos/587737212022f93907cd86ce/master/pass/roberto-cavalli-sharon-stone_093811196558.jpg,Neil Rasmus / BFAnyc.com,Standard web reference,No visible watermark in visual review,Copyright retained by source/photographer; no reuse licence acquired,Named source gallery caption.,2026-10-06,7f2013020ba8bce60e058a9c9e64c82aec30a81a7ebe575614ededd0a899767e
004,10_Marta_Marzotto/Undated/004_undated_Marta_personal_archive_red_dress_1036x745.jpg,Marta Marzotto,Undated,Undated; no year inferred from appearance,1036,745,0.77,88661,https://www.vogue.it/galleries/gait50609,https://compass-media.vogue.it/photos/5be31c72582be000119e8c53/master/pass/9b13662f-3cc4-4ba0-9326-72c6920320a0.jpg,Personal archive via Vogue Italia; photographer not stated,Standard web reference,No visible watermark in visual review,Copyright retained by source/photographer; no reuse licence acquired,"Magazine archival web master; moderate resolution, original scan texture retained.",2026-10-06,f14b000efaefa08289dfbecbf308cbe26c3233e19986f9b4829dc5ca615ed7a6
005,10_Marta_Marzotto/1960s-1970s/005_1970-12_Marta_Vogue_1970_Elisabetta_Catalano_541x745.jpg,Marta Marzotto; child,1970-12,Source publication/issue year; not verified capture date,541,745,0.4,75077,https://www.vogue.it/galleries/gait50609,https://compass-media.vogue.it/photos/5be31c7221a09a00112cd7a4/master/pass/60081776-e62d-4bf3-8a05-e8bf84e7bdd9.jpg,Elisabetta Catalano / Vogue Italia,Moderate archival/reference resolution,No visible watermark in visual review,Copyright retained by source/photographer; no reuse licence acquired,"Magazine archival web master; moderate resolution, original scan texture retained.",2026-10-06,6b52f9f4178a50034f92868aa044762683dd638daf47ea3e51d1ab044e4fd636
006,10_Marta_Marzotto/Undated/006_undated_Marta_garden_archive_577x745.jpg,Marta Marzotto,Undated,Undated; no year inferred from appearance,577,745,0.43,81504,https://www.vogue.it/galleries/gait50609,https://compass-media.vogue.it/photos/5be31c72b6eeae0012fd7843/master/pass/c77e5836-c800-41f8-9cb3-0f6a5583ce20.jpg,Personal archive via Vogue Italia; photographer not stated,Moderate archival/reference resolution,No visible watermark in visual review,Copyright retained by source/photographer; no reuse licence acquired,"Magazine archival web master; moderate resolution, original scan texture retained.",2026-10-06,a1adefdb85778f3c075857f681e78c1bb834c26e0f2727d99883e92a27648699
007,10_Marta_Marzotto/1960s-1970s/007_1971-02_Marta_Vogue_1971_Zardini_543x745.jpg,Marta Marzotto,1971-02,Source publication/issue year; not verified capture date,543,745,0.4,54019,https://www.vogue.it/galleries/gait50609,https://compass-media.vogue.it/photos/5be31c7209a4a200112ec553/master/pass/05fefde7-7b36-458e-a49e-0a600691e034.jpg,Zardini / Vogue Italia,Moderate archival/reference resolution,No visible watermark in visual review,Copyright retained by source/photographer; no reuse licence acquired,"Magazine archival web master; moderate resolution, original scan texture retained.",2026-10-06,f5d76bf34634427ed0b486a6c3f551fcfe14dd72270dd499e11f409d35949a38
008,10_Marta_Marzotto/Undated/008_undated_Marta_Egypt_archive_1164x745.jpg,Marta Marzotto,Undated,Undated; no year inferred from appearance,1164,745,0.87,57002,https://www.vogue.it/galleries/gait50609,https://compass-media.vogue.it/photos/5be31c72582be000119e8c55/master/pass/3063ffad-9d8d-4807-a43d-c10138a8118c.jpg,Personal archive via Vogue Italia; photographer not stated,Standard web reference,No visible watermark in visual review,Copyright retained by source/photographer; no reuse licence acquired,"Magazine archival web master; moderate resolution, original scan texture retained.",2026-10-06,91e656ae9c5d1b86978d3d6ece4ff2bf4a733097bd2e8d2668f3095d516d022e
009,10_Marta_Marzotto/Undated/009_undated_Marta_seated_archive_1127x745.jpg,Marta Marzotto,Undated,Undated; no year inferred from appearance,1127,745,0.84,80239,https://www.vogue.it/galleries/gait50609,https://compass-media.vogue.it/photos/5be31c73317fb20011863172/master/pass/d5286852-4643-4e87-a83d-a6620b9fba50.jpg,Personal archive via Vogue Italia; photographer not stated,Standard web reference,No visible watermark in visual review,Copyright retained by source/photographer; no reuse licence acquired,"Magazine archival web master; moderate resolution, original scan texture retained.",2026-10-06,9a15aea7c558960f8752aab121bf48c783d384e27335e32cf7da32984e298cd0
010,10_Marta_Marzotto/1980s/010_1985-12_Marta_Vogue_1985_event_980x745.jpg,Marta Marzotto; other guests,1985-12,Source publication/issue year; not verified capture date,980,745,0.73,91648,https://www.vogue.it/galleries/gait50609,https://compass-media.vogue.it/photos/5be31c73797e9c00126f1eac/master/pass/679683f3-7bc3-451b-85f2-2b8ca2177933.jpg,Vogue Italia; photographer not stated,Moderate archival/reference resolution,No visible watermark in visual review,Copyright retained by source/photographer; no reuse licence acquired,"Magazine archival web master; moderate resolution, original scan texture retained.",2026-10-06,774df92309d05f406b9e6f6b493c523ec9e37f8cc783306565d5c37776c1479b
011,10_Marta_Marzotto/Undated/011_undated_Marta_personal_archive_flowers_992x745.jpg,Marta Marzotto,Undated,Undated; no year inferred from appearance,992,745,0.74,106746,https://www.vogue.it/galleries/gait50609,https://compass-media.vogue.it/photos/5be31c7317f7d00011795c36/master/pass/05151f87-e0e9-4f11-aecf-7b223b4200fe.jpg,Personal archive via Vogue Italia; photographer not stated,Moderate archival/reference resolution,No visible watermark in visual review,Copyright retained by source/photographer; no reuse licence acquired,"Magazine archival web master; moderate resolution, original scan texture retained.",2026-10-06,c7f786dd8003ea7843a18a22836821261f49015da906039bd6eb059d0f1fc92f
012,05_Robert_Cavalli/2010s/012_2019-06_Robert_Triple_RRR_interview_800x533.jpg,Robert Cavalli,2019-06,Source publication/issue year; not verified capture date,800,533,0.43,197815,https://fuckingyoung.es/perfect-three-little-chat-robert-cavalli-triple-rrrr/,http://fuckingyoung.es/wp-content/uploads/2019/06/pittiuomo-triplerrr-interview-fy1.jpg,Not stated,Moderate archival/reference resolution,No visible watermark in visual review,Copyright retained by source/photographer; no reuse licence acquired,Interview published June 2019; distinguish designer portrait from fashion models,2026-10-06,bc8426a1674397cb97910d6a9a89ab2000cd5975033579d6a2ea8c3f4fd5f0f1
013,03_Rachele_Cavalli/2010s/013_2012_Rachele_ELLE_portrait_1320x1759.webp,Rachele Cavalli,2012,Source publication/issue year; not verified capture date,1320,1759,2.32,150132,https://www.elle.se/mode/vaskan-i-fokus-rachele-cavalli-1/4079308,https://image.elle.se/image-4079363?imageId=4079363&width=1320&height=1759&format=webp&compression=90,"ELLE; article credits Martin Vallin, Marco Glaviano et al.",Standard web reference,No visible watermark in visual review,Copyright retained by source/photographer; no reuse licence acquired,Largest version advertised by ELLE page; CDN-served size. Camera-original resolution not verified.,2026-10-06,bce215d5d4a30845fd87f3015a330657073e5fb5346c15b6bbf1948c53ba6cce
014,12_Naomi_Campbell_with_Eva/2020s/014_2024-09-18_Naomi_Eva_front_row_Milan_4118x2745.jpg,Eva Cavalli; Naomi Campbell,2024-09-18,Source event caption,4118,2745,11.3,2512282,https://www.tlife.gr/moda/Icons-Only-to-epiko-finale-sto-show-tou-Roberto-Cavalli-pou-egine-viral/1551804/,https://www.tlife.gr/wp-content/uploads/2024/09/2024-09-18T190752Z_1748775295_RC253AAKWB0U_RTRMADP_3_FASHION-MILAN-ROBERTO-CAVALLI1.jpg,Alessandro Garofalo / Reuters,High resolution,No visible watermark in visual review,Copyright retained by source/photographer; no reuse licence acquired,,2026-10-06,d47b13d47075ef8ea0ef44f63db3038e4d069e189359dfb19ad3aeea33745d6f
015,04_Daniele_Cavalli/2020s/015_2020_Daniele_portrait_Firenze_1110x740.jpg,Daniele Cavalli,2020,Source publication/issue year; not verified capture date,1110,740,0.82,290608,https://www.firenzemadeintuscany.com/en/article/daniele-cavalli-e-la-sua-firenze-contemporanea/,https://www.firenzemadeintuscany.com/assets/7dc7gq8ix1ml_7jbGExNRauwOw4QFOGaAhN_ae1c971480d3f8bfe4b67b53da97caf2_Daniele_Cavalli_ritratto_jpg.jpg,Not stated,Standard web reference,No visible watermark in visual review,Copyright retained by source/photographer; no reuse licence acquired,Publication year; exact photo date unverified,2026-10-06,62735b030953acc3357a87e25e0866cfb9242bc61af7bcdd2c5856b1be02b054
016,08_Tommaso_Cavalli/Undated/016_undated_Roberto_Tommaso_vineyard_1200x809.jpg,Roberto Cavalli; Tommaso Cavalli,Undated,Undated; no year inferred from appearance,1200,809,0.97,177893,https://deglidei.it/tenuta/,https://deglidei.it/wp-content/uploads/2022/07/TCRC_B.jpg,Tenuta degli Dei; photographer not stated,Standard web reference,No visible watermark in visual review,Copyright retained by source/photographer; no reuse licence acquired,Undated official estate archive,2026-10-06,54b3dab26f0e7271495de098e3f8e4eb6337d5420a4c0c41c465ae5b547b5900
017,02_Roberto_Cavalli/Undated_early_archive/017_undated_Young_Roberto_with_dogs_1200x809.jpg,Roberto Cavalli,Undated,Undated; no year inferred from appearance,1200,809,0.97,291086,https://deglidei.it/tenuta/,https://deglidei.it/wp-content/uploads/2022/07/roberto.jpg,Tenuta degli Dei; photographer not stated,Standard web reference,No visible watermark in visual review,Copyright retained by source/photographer; no reuse licence acquired,Undated official estate archive,2026-10-06,1625ccbe4ea77d58f81ddd9b9473607d625142871603401879ea64fc3e6416dd
018,08_Tommaso_Cavalli/Undated/018_undated_Tommaso_wine_cellar_1200x799.jpg,Tommaso Cavalli,Undated,Undated; no year inferred from appearance,1200,799,0.96,70044,https://deglidei.it/tenuta/,https://deglidei.it/wp-content/uploads/2026/06/tommaso3.jpg,Tenuta degli Dei; photographer not stated,Standard web reference,No visible watermark in visual review,Copyright retained by source/photographer; no reuse licence acquired,Undated official estate archive,2026-10-06,5575547e8c16ef60ffd930d23c883a4863b7032ba752df4d9d7351f727af9abc
019,08_Tommaso_Cavalli/2010s/019_2013-07-22_Tommaso_with_horse_1200x800.jpg,Tommaso Cavalli,2013-07-22,Embedded IPTC creation date,1200,800,0.96,173488,https://deglidei.it/tenuta/,https://deglidei.it/wp-content/uploads/2022/09/TChorses-Emod.jpg,Thilo Weimar,Standard web reference,No visible watermark in visual review,Copyright retained by source/photographer; no reuse licence acquired,Official estate image; original file metadata preserved.,2026-10-06,b2ba8fb1f4f7bc3a6acd39d3a109f365789e7024faf7131bb9f90281c011d1a9
020,08_Tommaso_Cavalli/2010s/020_2011-07-07_Tommaso_wine_portrait_1200x798.jpg,Tommaso Cavalli,2011-07-07,Embedded IPTC creation date,1200,798,0.96,167172,https://deglidei.it/tenuta/,https://deglidei.it/wp-content/uploads/2022/09/TCvino-Amod.jpg,Tenuta degli Dei; photographer not stated,Standard web reference,No visible watermark in visual review,Copyright retained by source/photographer; no reuse licence acquired,Undated official estate archive,2026-10-06,c2b651f6ab4b725de48cce432e0f6e628ad93dd264489815aaf25bb06f438589
021,08_Tommaso_Cavalli/Undated/021_undated_Tommaso_wine_tasting_1200x799.jpg,Tommaso Cavalli,Undated,Undated; no year inferred from appearance,1200,799,0.96,72973,https://deglidei.it/tenuta/,https://deglidei.it/wp-content/uploads/2026/06/tommaso.jpg,Tenuta degli Dei; photographer not stated,Standard web reference,No visible watermark in visual review,Copyright retained by source/photographer; no reuse licence acquired,Undated official estate archive,2026-10-06,aa5b3cecce952e3857ad8d60f2693656115750d6ad9e19f52962092a916ce4f1
022,01_Eva_Duringer_Cavalli/2010s/022_2015-10-09_Eva_birthday_Antonio_Banderas_651x1000.jpg,Eva Cavalli; Antonio Banderas,2015-10-09,Source event caption,651,1000,0.65,89990,https://www.vogue.com/slideshow/eva-cavalli-birthday-kendall-jenner-cara-delevingne,https://assets.vogue.com/photos/5876f9fdd75797c43edeb85e/master/pass/antonio-eva-10122015.jpg,Dave Benett / Getty Images,Standard web reference,No visible watermark in visual review,Copyright retained by source/photographer; no reuse licence acquired,,2026-10-06,af18acd408bfa83c8893a64fb36e5d52c1c083c5deca9c0a9c47b7d614eba1d3
023,01_Eva_Duringer_Cavalli/2010s/023_2015-10-09_Eva_birthday_cake_Sarah_Harris_599x1000.jpg,Eva Cavalli; Sarah Harris,2015-10-09,Source event caption,599,1000,0.6,112672,https://www.vogue.com/slideshow/eva-cavalli-birthday-kendall-jenner-cara-delevingne,https://assets.vogue.com/photos/58774c814188c6505665a14c/master/pass/sarah-eva-cake-10122015.jpg,Dave Benett / Getty Images,Standard web reference,No visible watermark in visual review,Copyright retained by source/photographer; no reuse licence acquired,,2026-10-06,ecf168a303eebd1a51880f0de4c284c5c1c78e1e69925c0724b209dd39845c4e
024,05_Robert_Cavalli/2010s/024_2015-10-09_Robert_Natasha_Poly_birthday_party_599x1000.jpg,Robert Cavalli; Natasha Poly,2015-10-09,Source event caption,599,1000,0.6,71604,https://www.vogue.com/slideshow/eva-cavalli-birthday-kendall-jenner-cara-delevingne,https://assets.vogue.com/photos/58774c7eef8cc67551005846/master/pass/natasha-robert-10122015.jpg,Dave Benett / Getty Images,Standard web reference,No visible watermark in visual review,Copyright retained by source/photographer; no reuse licence acquired,,2026-10-06,ce2622d3c913f6d4f7471e03987f0c8853b917499366641bcb03c0761dc85b40
025,01_Eva_Duringer_Cavalli/2010s/025_2018-05-13_Eva_Fashion_for_Relief_Cannes_2002x3000.jpg,Eva Cavalli,2018-05-13,Embedded IPTC creation date,2002,3000,6.01,475188,https://www.woman.at/people/eva-cavalli,https://files.fairu.app/9ac6bc7a-7d34-4506-9a10-bd51ff2c7845/eva-cavalli-1701783562.jpg,Nasser Berzane / ABACAPRESS / IMAGO,High resolution,No visible watermark in visual review,Copyright retained by source/photographer; no reuse licence acquired,Embedded territorial publication restrictions retained in original file; reference download is not a reuse licence.,2026-10-06,f0f28c662b40394190a53297d752eaf77d624d8bb7c1d84fbacb53315170b173
026,01_Eva_Duringer_Cavalli/2010s/026_2016-09-25_Eva_amfAR_Milan_2832x4256.jpg,Eva Cavalli,2016-09-25,Embedded IPTC creation date,2832,4256,12.05,786377,https://www.woman.at/people/eva-cavalli,https://files.fairu.app/9ac6afe0-6063-4ad6-a6e6-263f153d145b/eva-cavalli-2.jpg,Alberto Terenghi / Independent Photo Agency / IMAGO,High resolution,No visible watermark in visual review,Copyright retained by source/photographer; no reuse licence acquired,IPTC publication restriction: Germany/Switzerland/Austria only. Reference download is not a reuse licence.,2026-10-06,7540cb805178982992c2828df1501f3cf606c6927e73024f7f396e7794450d7e
027,09_Cristiana_Cavalli/Undated/027_undated_Cristiana_official_founder_portrait_2147x2560.jpg,Cristiana Cavalli,Undated,Undated; no year inferred from appearance,2147,2560,5.5,202482,https://krimrose.com/pages/about,https://krimrose.com/cdn/shop/files/designer.jpg,Krimrose official website; photographer not stated,High resolution,No visible watermark in visual review,Copyright retained by source/photographer; no reuse licence acquired,Distinct official founder portrait; original public upload downloaded without resizing. Capture date not stated.,2026-10-06,f2296475ff498ad1de6495dd256f0cb215f9222064b40e9d5ebd2190e0b9f08e
029,09_Cristiana_Cavalli/2020s/029_2022_Cristiana_Krimrose_portrait_3266x2285.jpg,Cristiana Cavalli,2022,Source publication/issue year; not verified capture date,3266,2285,7.46,3583956,https://www.intoscana.it/it/krimrose-cristiana-cavalli/,https://www.intoscana.it/wp-content/uploads/Cristiana-Cavalli-2.jpg,intoscana; photographer not stated,High resolution,No visible watermark in visual review,Copyright retained by source/photographer; no reuse licence acquired,2022 interview; capture date unverified,2026-10-06,772cffb70fb3fdc53091fdb1ba1b69c1ab7358a7cc66b6f8992924bc212ccd8f
028,01_Eva_Duringer_Cavalli/2000s/028_2007_Eva_Roberto_HM_launch_3000x2068.jpg,Eva Cavalli; Roberto Cavalli; Erin Wasson; Jessica Stam,2007,Source publication/issue year; not verified capture date,3000,2068,6.2,913773,https://www.vogue.co.uk/article/hm-20-years-of-collaborations,https://media.vogue.co.uk/photos/6716688d663ed6570c7c4d47/master/pass/77504378,Pascal Le Segretain / Getty Images,High resolution,No visible watermark in visual review,Copyright retained by source/photographer; no reuse licence acquired,2007 collaboration launch identified in article; exact capture date unverified.,2026-10-06,3e3afe4b16eed09adb0621a0e7435b13feb40fb6ef8c2597b3fd7b2707b984f0
030,01_Eva_Duringer_Cavalli/1977-1978_Pageants/030_1977_Eva_Miss_Universe_finalists_1875x1462.jpeg,Eva Cavalli; other finalists,1977,Source image caption year; exact capture day unverified,1875,1462,2.74,368242,https://www.historyofbeauty.com/coanre/HB%20enero%20abril%202018.pdf,https://www.historyofbeauty.com/coanre/HB%20enero%20abril%202018.pdf,History of Beauty archival magazine; photographer not stated,Standard web reference,No visible watermark in visual review,Copyright retained by source/photographer; no reuse licence acquired,Original embedded image extracted from PDF page 207 without re-encoding. Caption identifies Eva fourth from left. Secondary archival compilation; original photographer unverified.,2026-10-06,e49deba37adccfdb4d6f02de102bfa6865c6f5ffe28207a7673df5bd6a2ce5d8
031,01_Eva_Duringer_Cavalli/1980s-1990s/031_1987_Eva_Roberto_1987_712x1024.jpg,Eva Cavalli; Roberto Cavalli,1987,Source image caption year; exact capture day unverified,712,1024,0.73,194257,https://www.amica.it/gallery/roberto-cavalli-fashion-moments/?item=1,https://static2.amica.it/wp-content/uploads/2023/08/roberto-cavalli-GettyImages-76110679-1.jpg,Getty Images via Amica; individual photographer not stated,Standard web reference,No visible watermark in visual review,Copyright retained by source/photographer; no reuse licence acquired,"Publisher caption dates photo to 1987. Clean public upload; 712x1024, larger licensed original may exist.",2026-10-06,bd43bf273daab1840c2ed7266967610233d992cbb3fea90466cb81f0d4cc3986
032,01_Eva_Duringer_Cavalli/1977-1978_Pageants/032_undated_Eva_pageant_dress_fitting_945x1418.jpg,Eva Cavalli; Helmut Gruber,Undated,"Pageant era; conflicting source year, exact capture date unverified",945,1418,1.34,166645,https://www.kitzanzeiger.at/de/miss-tirol-wahl.html,https://www.kitzanzeiger.at/media/bilder-alt/39miss2.jpg,Archiv Gruber/Rußegger via Kitzbueheler Anzeiger,Standard web reference,No visible watermark in visual review,Copyright retained by source/photographer; no reuse licence acquired,"Caption identifies Eva with tailor Helmut Gruber. Article labels Miss Austria 1976, conflicting with established 1977 title; exact capture year unverified. Stored as pageant-era reference, not childhood.",2026-10-06,fdc733b06cacdd41248853ae3d6f3a367125d335831583242b198286c4842a3d
