characters,era_or_subject,source_url,status,notes
Eva,1977 Miss World,https://www.gettyimages.com.br/detail/foto-jornal%C3%ADstica/british-beauty-queen-madeleine-stringer-miss-uk-foto-jornal%C3%ADstica/2228507868,License required; no clean original acquired,Rob Taggart / Central Press / Hulton Archive; 14 November 1977
Eva,1978 Miss Europe,https://misshollandnow.com/european-friday-miss-europe-1977/,Watermarked; excluded,"1491x1172 and 2364x1281 checked. Title Miss Europe 1977, contest held in 1978."
Eva; Roberto,1987 Regines; other eras,https://www.gettyimages.co.uk/photos/roberto-and-eva-cavalli,Archive search lead only,Search lists March 16 1987; licence needed for original.
Eva; Roberto,SS2000 runway,https://www.gettyimages.at/detail/nachrichtenfoto/designer-roberto-cavalli-walks-the-runway-at-show-nachrichtenfoto/1438527345,License required,Giovanni Giannoni / WWD / Penske Media; collection season is not capture date.
Cindy; Eva,2013 Cannes,https://www.shutterstock.com/editorial/image-editorial/eva-cavalli-cindy-crawford-2339585aa,License required,2202x3255 advertised; Agf/Shutterstock; 15 May 2013.
Cindy; Eva,2013 Cannes,https://www.vogue.it/galleries/gait19099,Too small; excluded,278x440 clean publisher master.
Cindy; Eva,2013 Cannes,https://wtop.com/news/2013/05/the-66th-international-film-festival-in-cannes/,Too small; excluded,512x336; Joel Ryan / Invision / AP.
Rachele; Daniele; Roberto,Family archive,https://robertocavalliblog.com/85-i-feel-like/,HTTP 406; original unavailable,Captioned childhood/family and adult Daniele photographs. Do not substitute thumbnails.
Cristiana; Tommaso; Roberto,Family archive,https://robertocavalliblog.com/83-may-10-1965-the-first-great-emotion-of-my-life/,HTTP 406 on archive; lead only,Captioned family archive.
Eva; Rachele; grandchildren,Family archive,https://robertocavalliblog.com/156-two-candles-for-seven-kids/,Archive lead only,Family-posted photographs; identities need caption-by-caption verification.
Cavalli family,2013 family portrait,https://www.thesocialpost.it/2019/09/17/lutto-casa-cavalli-trovato-morto-auto-genero/,Embedded social source lead; original not acquired,"References Paul Schmidt portrait for Harpers Bazaar UK April 2013, posted by Roberto Cavalli Official."
Eva,2013 Life Ball,https://commons.wikimedia.org/wiki/File:Life_Ball_2013_-_opening_show_145.jpg,HTTP 403; original not acquired,"1800x2700; Manfred Werner / Tsui, CC BY-SA 3.0."
Eva,At home,https://pocketmags.com/eu/hello-magazine/1925/articles/heavenly-host,Small preview; excluded,650x429 and 650x853 public previews; full editorial source HELLO issue 1925.
Cristiana,2014 wedding,https://www.hola.com/actualidad/2014100874180/boda-hija-roberto-cavalli/,Low resolution; excluded,600x600 social images. 2022 portrait included alongside the official founder portrait.
Eva; Roberto,1990s magazine,https://sandramardenfeld.com/wp-content/uploads/2012/12/Roberto-Cavalli-Fashion-Almanac-by-Sandra-Mardenfeld.pdf,Reviewed; no relevant character portraits,Contains runway models and biography text; not Eva portraits.
Naomi; Eva,2024 Milan,https://www.reutersconnect.com/item/roberto-cavalli-presents-its-springsummer-2025-collection-at-milan-fashion-week/dGFnOnJldXRlcnMuY29tLDIwMjQ6bmV3c21sX1JDMjUzQUFLV0IwVQ,Clean publisher copy acquired; licensing source,4118x2745 matches Reuters listed resolution; asset RC253AAKWB0U.
